path	bytes	sha256	ffprobe_status	ffprobe_summary
originals/well_done.ogg	44069	8ef5cdf2323ce9efd19f5553757c607ecb57647bd568316958472ab6b9048dfc	DECODE_OK	vorbis|44100|1|4.009229
originals/beep.wav	9214	190e3ad60a9c8dc0239adae69ed64a2a8d4dcc7a240d3e42f5c4a317dd5b3f44	DECODE_OK	pcm_s16le|48000|1|0.095521
originals/supertuxkart_sfx.mp3	1968923	a545e0fbaecfdb60d46e7b95b881713c276e715522522101c96da652fc185725	DECODE_OK	mp3|44100|2|81.867792
originals/mechanical_lightclunk1.wav	32812	d5a2aa8764c02924f6ed6fbaad0c650ab2d57ec57a626cee9e6645f941dbc8fa	DECODE_OK	pcm_s16le|44100|1|0.371519
originals/metal_clink2.wav	22572	ecbf5a221f2aff32376b8584eea875d0b7d9963d22f6c16e237f5e7b63f51dc2	DECODE_OK	pcm_s16le|44100|1|0.255420
originals/short_wind_sound.wav	747196	4435f5ad1baf171f21f876f778d0a8a7447becea0c4955bb2566e0c63ab20f41	DECODE_OK	pcm_s16le|44100|2|4.235306
originals/race_countdown.ogg	86750	f60feb6d0e950b9075562c9ca185fa9fb2234e60db82ab98ea9b7736b3f8dd75	DECODE_OK	vorbis|44100|2|4.253968
originals/blinker01.wav	135494	6a0065ea229d2985673ec69d475ca75f18bb335525bd24be0f5c4084a7b8cb02	DECODE_OK	pcm_f32le|44100|2|0.383129
originals/crowd_shouting.ogg	335526	a2c23a64c127c77717cbe4abb21f138bac9d9aa6cb3cc89d62bab5d0d96dd7ca	DECODE_OK	vorbis|44100|2|27.383991
originals/racing_loop_3.wav	73644	06b71a433e06733167ead3f6b24c0078348bec594abe78cde2980b34e6d672a6	DECODE_OK	pcm_s16le|44100|1|0.834467
originals/glass_breaking.wav	230924	37d29069c885afe3f7ca639293fa679fb6511a6a1e54316f0e403e4493f502b3	DECODE_OK	pcm_s16le|44100|2|1.308844
originals/metal_thud2.wav	51244	5fb5c1b37a95cb6716d0bb529a0b9fe1ae9f3e2228b8f30c5c3dcbb1b570a3af	DECODE_OK	pcm_s16le|44100|1|0.580499
originals/mechanical_clank1.wav	59436	899a46a8423fa0ca349b3c70a07a422d1eaa3a58695ce6facfbae074dd70226f	DECODE_OK	pcm_s16le|44100|1|0.673379
originals/racing_loop_0.wav	76332	69d74b106509037ce547429e4c3f9ae906b0fffe88d0bb8b3b5a8b0cfc239048	DECODE_OK	pcm_s16le|44100|1|0.864082
originals/car1_moving.wav	2850368	85d1ca20f95244c558b57e2be465c8efcf2f7425bb54049e9eddcbec7f1739af	DECODE_OK	pcm_s16le|48000|2|14.845438
originals/birds_isaiah658.ogg	544669	359e4e3f9da9d75aac64cede511c7e3ef8b461f9d9f8c230f8f80e44c4b3e35f	DECODE_OK	vorbis|48000|2|30.688250
originals/applause_clapping_church_crowd.wav	6905324	0d3bfde5a050f3c5e6685bd7f1efc7ab1d289fbad65c88c1ce9b4691228c69c9	DECODE_OK	pcm_s16le|44100|2|39.145578
originals/engine_start_up_01.wav	634438	026311134479a4bb21f7f9a4a64c2b47791373c6e3613d36045387eee0fa0b23	DECODE_OK	pcm_f32le|44100|2|1.797324
originals/game_over.ogg	296977	42c2c50a8198d3dee21c9df66d83740ee8aa1fb5f4c5a1049308933a29264318	DECODE_OK	vorbis|44100|2|9.235737
originals/metal_bing1.wav	63532	d14941ce27e6b409e0cd941eaad7201d613070a4c3eb9c3627fec4cf3ae686e4	DECODE_OK	pcm_s16le|44100|1|0.719819
originals/door_closing.wav	126088	0f5a47631d8705c583999998f75f4384d555fef3089a4ad61e0484800089576c	DECODE_OK	pcm_f32le|44100|1|0.712902
originals/birdchirping071414.mp3	120417	40310829b1f5a295731a974f7da783be5a46e77b9859a930cce19eca13430cb6	DECODE_OK	mp3|48000|2|3.003200
originals/generic_car_startengine.wav	291074	fa9c199daf6b06a53267f32d764fb19522fc364304ad009bf8b6e392adbe5654	DECODE_OK	pcm_s16le|44100|2|1.647143
originals/high_traffic_road.ogg	558092	1c7ce49677ade7ebc4c7f3bd58657a730b892713382d197ea96a2c0f4ead0c51	DECODE_OK	vorbis|44100|1|59.591882
originals/door_opening.wav	174544	3f8f458e388ca1e3f8ebc2e3b144655e4d53b377951556e12c9796dd2b6f029d	DECODE_OK	pcm_f32le|44100|1|0.987664
originals/mechanical_rattle1.wav	68652	65ae71cd800986e4e4c0c1a180221c0f240f6ffd9e306f8634c0335a5e3f039a	DECODE_OK	pcm_s16le|44100|1|0.777868
originals/generic_car_startengine_1.wav	177842	1f50e855d5924221017093117407274ec1c929e83ec0f1940b1d6cdd941fc8ff	DECODE_OK	pcm_s16le|44100|2|1.005193
previews/selected/carpack_engine_loop.ogg	23774	d0f8b89066792ccf23895f6d5bbc7fb1a0363691324b72c921099e57828fec96	DECODE_OK	vorbis|44100|2|2.965964
previews/selected/kenney_impact_glass_heavy_000.ogg	7403	b44b39a940e8948e74b9bd3776bff980df43cf220abdaf0d467dc4c43c0244a5	DECODE_OK	vorbis|44100|2|0.241224
previews/selected/surface_gravel.ogg	21087	34e6057ec1581b5cb8802e4942952b00b1dac235bfcb0ed8cff0ceb15a3ebbbf	DECODE_OK	vorbis|44100|2|0.703900
previews/selected/carpack_acceleration_2.ogg	24931	c94eaebffcc90941f05b68d8da069f5d749006e0acea8ec105f6604869cb5661	DECODE_OK	vorbis|44100|2|2.939841
previews/selected/kenney_ui_open_001.ogg	9834	a27c6bb0df7da1e6af5dd5937593c98bc58b6e513f42fe6a3254cd6a6949c648	DECODE_OK	vorbis|44100|1|0.147778
previews/selected/kenney_ui_click_001.ogg	4876	ccfb7fa0cccdd9faec0eb16033c732b1e308d139d80f799161495d58f7adcdb9	DECODE_OK	vorbis|44100|1|0.100023
previews/selected/kenney_ui_error_001.ogg	7373	46e67425d16339772e8d328fb36a49426c9467418686e11beeb71ff84b0f6433	DECODE_OK	vorbis|44100|2|0.164558
previews/selected/carskid_skid_piece_fadeinout.wav	44228	283a9159634c3174eb05a3aaf5df97d03858ba702e07accd3a4e91fb1468377d	DECODE_OK	pcm_s16le|44100|2|0.250476
previews/selected/wind_02.ogg	57568	28a3eeea0a0d76f88ec686b8ff658ce1524e13ee835746cc9bca98ed9972d89b	DECODE_OK	vorbis|44100|1|6.655329
previews/selected/carpack_acceleration.ogg	24361	a167d3fe7d1fbdbe23ec85ad2cb3dddf6dfdb3f8dadc619bbeb46ae7535f5db9	DECODE_OK	vorbis|44100|2|2.965964
previews/selected/kenney_impact_metal_heavy_000.ogg	6110	e07045693e4a2b3d165c424e3dab4c781d9ff8880a386880ac89a51315d7f831	DECODE_OK	vorbis|44100|2|0.167664
previews/selected/wind_01.ogg	59861	ff4f8a48b824e88ef3a53c5bc726e1da2b9593d84ac1bd6048b4ed6ddd4bad69	DECODE_OK	vorbis|44100|1|6.635283
previews/selected/kenney_ui_confirmation_001.ogg	8968	063564703b6094d70718a3e787a55cc9141611e4ecd6b6637f8828f79b4a8c3a	DECODE_OK	vorbis|44100|1|0.289841
previews/selected/carpack_parking_brake.ogg	7410	86941b6791f641ef007ca14de508451cd9f034f047e493b5ce41fc67cbfb3740	DECODE_OK	vorbis|44100|2|0.445147
previews/selected/carskid_skid_loop.wav	176780	47b47cc9743fd8fad377082f5d81a4e6d006f5ce3687311d4932f53a3fb5a2e4	DECODE_OK	pcm_s16le|44100|2|1.001905
previews/selected/metal_pack_slam.ogg	24256	a335ccf202578bd740f930f0648a4dcbbbce3ebb2519335be023532578f56176	DECODE_OK	vorbis|48000|2|0.572875
previews/selected/carskid_skid_piece.wav	44228	9ffb1f8e5c4d858003468e058e3eaffee127ad382732381735fc1fc31d31a9cb	DECODE_OK	pcm_s16le|44100|2|0.250476
