id,category,title,creator,license,source_url,license_url,original_path,source_audio_path,source_audio_sha256,preview_path,preview_sha256,source_start_s,source_end_s,editorial_status,listening_status,recommended_use,limitations
vehicle_door_open,车体细节,Car door opening,looneybits,CC0 1.0,https://opengameart.org/content/cardoorsfx,https://creativecommons.org/publicdomain/zero/1.0/,shared/originals/door_opening.wav,shared/originals/door_opening.wav,3f8f458e388ca1e3f8ebc2e3b144655e4d53b377951556e12c9796dd2b6f029d,previews/audition/vehicle_door_open.wav,bb288694a7f63dd784d5f13d49024d38f9e6944fd0b119dd9ced552dd787c174,0.0,0.987667,SELECTED_CANDIDATE_LISTENING_NOT_RUN,LISTENING_NOT_RUN,车门开启交互,页面面向停车/赛车游戏；需试听是否适合摄像机距离。 车型未知，仅作通用车体交互原料；不声称六车门体或手刹一致。
vehicle_door_close,车体细节,Car door closing,looneybits,CC0 1.0,https://opengameart.org/content/cardoorsfx,https://creativecommons.org/publicdomain/zero/1.0/,shared/originals/door_closing.wav,shared/originals/door_closing.wav,0f5a47631d8705c583999998f75f4384d555fef3089a4ad61e0484800089576c,previews/audition/vehicle_door_close.wav,c7db2253b56354884cd1d413f86742f839057c4b793f98ba5f99f724e0c7a07b,0.0,0.712896,SELECTED_CANDIDATE_LISTENING_NOT_RUN,LISTENING_NOT_RUN,车门关闭交互,页面面向停车/赛车游戏；需试听是否需要更重的关门层。 车型未知，仅作通用车体交互原料；不声称六车门体或手刹一致。
environment_traffic_road,场地环境,High traffic road sounds,IgnasD,CC0 1.0,https://opengameart.org/content/high-traffic-road-sounds,https://creativecommons.org/publicdomain/zero/1.0/,shared/originals/high_traffic_road.ogg,shared/originals/high_traffic_road.ogg,1c7ce49677ade7ebc4c7f3bd58657a730b892713382d197ea96a2c0f4ead0c51,previews/audition/environment_traffic_road.wav,8c162c91a5ed6e97e8934e9b92ccdd61a42bee06588547d7a106d26c9b8ba836,0.0,12.0,SELECTED_CANDIDATE_LISTENING_NOT_RUN,LISTENING_NOT_RUN,城市道路或赛道远景交通底床,页面标注 traffic/road/city/highway；单声道，未确认距离感和循环点。 非龙湾赛道实录；鸟种/交通内容/音乐和人声仍需试听。
vehicle_parking_brake_pack,车体细节,Car parking brake (pack selection),GGBotNet,CC0 1.0,https://opengameart.org/content/car-sound-effects-pack-low-quality,https://creativecommons.org/publicdomain/zero/1.0/,shared/originals/car_sound_effects_pack.zip,shared/previews/selected/carpack_parking_brake.ogg,86941b6791f641ef007ca14de508451cd9f034f047e493b5ce41fc67cbfb3740,previews/audition/vehicle_parking_brake_pack.wav,8464ba067dde6f0bf5e09faab0d7b5e447fde63b94ef7aaf6d93ad1afb9f3226,0.0,0.44225,SELECTED_CANDIDATE_LISTENING_NOT_RUN,LISTENING_NOT_RUN,驻车制动、低速机械反馈,源包明确为手机录制、64 kb/s 低质量；需试听是否能与底盘层分离。 车型未知，仅作通用车体交互原料；不声称六车门体或手刹一致。
vehicle_tire_skid_loop,轮胎滑移,Car tire skid squealing loop,"Mike Koenig (Soundbible), submitted by qubodup",CC BY 3.0,https://opengameart.org/content/car-tire-skid-squealing,https://creativecommons.org/licenses/by/3.0/,shared/originals/carskid.7z,shared/previews/selected/carskid_skid_loop.wav,47b47cc9743fd8fad377082f5d81a4e6d006f5ce3687311d4932f53a3fb5a2e4,previews/audition/vehicle_tire_skid_loop.wav,d2fbe65d8dfc1c8002280968e6c125e8ce91d1e9faccda26c10ef319ac570217,0.0,1.001896,SELECTED_CANDIDATE_LISTENING_NOT_RUN,LISTENING_NOT_RUN,干沥青持续滑移/抱死的候选循环,CC BY 3.0 必须署名；页面说明来自 Soundbible 并经过裁切、归一化、淡入淡出；试听前只做技术收集。
vehicle_tire_skid_piece,轮胎滑移,Car tire skid squeal piece,"Mike Koenig (Soundbible), submitted by qubodup",CC BY 3.0,https://opengameart.org/content/car-tire-skid-squealing,https://creativecommons.org/licenses/by/3.0/,shared/originals/carskid.7z,shared/previews/selected/carskid_skid_piece.wav,9ffb1f8e5c4d858003468e058e3eaffee127ad382732381735fc1fc31d31a9cb,previews/audition/vehicle_tire_skid_piece.wav,96a31d48b7aa78fec32d5b044b9529bc9b298f4f4b9215d2a87345288213a971,0.0,0.250479,SELECTED_CANDIDATE_LISTENING_NOT_RUN,LISTENING_NOT_RUN,短刹车尖叫或擦地瞬态,CC BY 3.0 必须署名；来源为同一归档包，需试听频谱和尾部噪声。
vehicle_tire_skid_piece_fade,轮胎滑移,Car tire skid piece with fade,"Mike Koenig (Soundbible), submitted by qubodup",CC BY 3.0,https://opengameart.org/content/car-tire-skid-squealing,https://creativecommons.org/licenses/by/3.0/,shared/originals/carskid.7z,shared/previews/selected/carskid_skid_piece_fadeinout.wav,283a9159634c3174eb05a3aaf5df97d03858ba702e07accd3a4e91fb1468377d,previews/audition/vehicle_tire_skid_piece_fade.wav,0aa62198b13f9ce98e0c1026fb1750ccc3182b1668214d5f72c06070110b91a0,0.0,0.250479,SELECTED_CANDIDATE_LISTENING_NOT_RUN,LISTENING_NOT_RUN,滑移开始或结束的过渡层,CC BY 3.0 必须署名；文件名表示已有淡入淡出，仍需试听避免重复包络。
environment_wind_short,环境风,Short wind sound,remaxim,CC0 1.0,https://opengameart.org/content/short-wind-sound,https://creativecommons.org/publicdomain/zero/1.0/,shared/originals/short_wind_sound.wav,shared/originals/short_wind_sound.wav,4435f5ad1baf171f21f876f778d0a8a7447becea0c4955bb2566e0c63ab20f41,previews/audition/environment_wind_short.wav,278413d00bad36d8f22978ee2fb0d35a849529d746d80468f8696004dbd99dc5,0.0,4.235313,SELECTED_CANDIDATE_LISTENING_NOT_RUN,LISTENING_NOT_RUN,户外环境风候选；不可认定为高速车内或车体气动风噪。,页面定位为 short wind/fade；时长短，适合事件层而非持续底床。
environment_wind_01,环境风,Wind 01,IgnasD,CC0 1.0,https://opengameart.org/content/wind,https://creativecommons.org/publicdomain/zero/1.0/,shared/originals/wind.zip,shared/previews/selected/wind_01.ogg,ff4f8a48b824e88ef3a53c5bc726e1da2b9593d84ac1bd6048b4ed6ddd4bad69,previews/audition/environment_wind_01.wav,a1207a4d667556c0f09fd9e3323565546bd42b382372cd5842f752b0639cd652,0.0,6.635292,SELECTED_CANDIDATE_LISTENING_NOT_RUN,LISTENING_NOT_RUN,户外环境风候选；不可认定为高速车内或车体气动风噪。,原始 ZIP 含三条风声，本条为精选；页面未提供车辆速度匹配信息。
environment_wind_02,环境风,Wind 02,IgnasD,CC0 1.0,https://opengameart.org/content/wind,https://creativecommons.org/publicdomain/zero/1.0/,shared/originals/wind.zip,shared/previews/selected/wind_02.ogg,28a3eeea0a0d76f88ec686b8ff658ce1524e13ee835746cc9bca98ed9972d89b,previews/audition/environment_wind_02.wav,26002b6dbf3241ff4acb0bed444729875235cc806adab0825e0c3d8f018a4ab3,0.0,6.655333,SELECTED_CANDIDATE_LISTENING_NOT_RUN,LISTENING_NOT_RUN,户外环境风候选；不可认定为高速车内或车体气动风噪。,原始 ZIP 含三条风声，本条为精选；需试听是否与 wind_01 足够区分。
surface_gravel,路面设计原料,Gravel surface step (proxy),TinyWorlds,CC0 1.0,https://opengameart.org/content/different-steps-on-wood-stone-leaves-gravel-and-mud,https://creativecommons.org/publicdomain/zero/1.0/,shared/originals/different_steps.zip,shared/previews/selected/surface_gravel.ogg,34e6057ec1581b5cb8802e4942952b00b1dac235bfcb0ed8cff0ceb15a3ebbbf,previews/audition/surface_gravel.wav,4e63000a5f307683f37009c67b03b2416269b9390b309adaf131a3231e034282,0.0,0.703896,SELECTED_CANDIDATE_LISTENING_NOT_RUN,LISTENING_NOT_RUN,脚步来源的颗粒/硬质瞬态设计原料；不可用作实录车辆滚动层。,原作者描述为脚步/建造音效，非车辆轮胎录音；用于车轮层前必须试听。 通用材料/机构声音，不是目标车辆实测；不能据此声明路面滚动、悬挂或碰撞已补齐。
surface_moving_car,场地环境,Car 1 moving-car sound,Yaroslav_Novikov,CC0 1.0,https://opengameart.org/content/car-1-1,https://creativecommons.org/publicdomain/zero/1.0/,shared/originals/car1_moving.wav,shared/originals/car1_moving.wav,85d1ca20f95244c558b57e2be465c8efcf2f7425bb54049e9eddcbec7f1739af,previews/audition/surface_moving_car.wav,7ce1e65995611873fe72965946c67bf006a1464ab9d8ff99203737717d245f99,0.0,8.0,SELECTED_CANDIDATE_LISTENING_NOT_RUN,LISTENING_NOT_RUN,未知车型车辆移动的场地声音参考；不是独立胎噪或准确车型发动机层。,源条目只说明moving car sound，可能混入发动机、风或远近变化；不是脚步。不能据此声明路面滚动分层已补齐。主观听感与录音距离仍待确认。
environment_bird_chirp,场地环境,Bird chirping sounds,syncopika,CC0 1.0,https://opengameart.org/content/bird-chirping-sounds,https://creativecommons.org/publicdomain/zero/1.0/,shared/originals/birdchirping071414.mp3,shared/originals/birdchirping071414.mp3,40310829b1f5a295731a974f7da783be5a46e77b9859a930cce19eca13430cb6,previews/audition/environment_bird_chirp.wav,6f0e7c1dcdf7d31e4faa37c2cdd6fe143fa47a5b43fe4469d2e5e46b714be610,0.0,3.0,SELECTED_CANDIDATE_LISTENING_NOT_RUN,LISTENING_NOT_RUN,户外赛道鸟鸣点缀,页面说明为后院录制的很短片段；不适合独立形成连续环境。 非龙湾赛道实录；鸟种/交通内容/音乐和人声仍需试听。
environment_birds_ambient,场地环境,Ambient bird sounds,isaiah658,CC0 1.0,https://opengameart.org/content/ambient-bird-sounds,https://creativecommons.org/publicdomain/zero/1.0/,shared/originals/birds_isaiah658.ogg,shared/originals/birds_isaiah658.ogg,359e4e3f9da9d75aac64cede511c7e3ef8b461f9d9f8c230f8f80e44c4b3e35f,previews/audition/environment_birds_ambient.wav,555f46d58cb16d0eb502618db1667e7dd52f3291f7bbdd3e62ff258d32779bb3,0.0,12.0,SELECTED_CANDIDATE_LISTENING_NOT_RUN,LISTENING_NOT_RUN,户外自然环境底床,页面说明音频经过 Audacity 清理；未确认循环点和鸟种距离。 非龙湾赛道实录；鸟种/交通内容/音乐和人声仍需试听。
collision_metal_bing,碰撞设计原料,Metal impact bing 1,BMacZero,CC0 1.0,https://opengameart.org/content/metal-impact-sounds,https://creativecommons.org/publicdomain/zero/1.0/,shared/originals/metal_bing1.wav,shared/originals/metal_bing1.wav,d14941ce27e6b409e0cd941eaad7201d613070a4c3eb9c3627fec4cf3ae686e4,previews/audition/collision_metal_bing.wav,17b092da7a06cf36cffea2ced8af84861b0eb0caa894e113d9939286e5adb82c,0.0,0.719812,SELECTED_CANDIDATE_LISTENING_NOT_RUN,LISTENING_NOT_RUN,设计原料候选：轻微金属擦碰的高频瞬态,页面只描述为少量金属撞击；作者署名 Brian MacIntosh 为可选。 通用材料/机构声音，不是目标车辆实测；不能据此声明路面滚动、悬挂或碰撞已补齐。
collision_metal_clink,碰撞设计原料,Metal impact clink 2,BMacZero,CC0 1.0,https://opengameart.org/content/metal-impact-sounds,https://creativecommons.org/publicdomain/zero/1.0/,shared/originals/metal_clink2.wav,shared/originals/metal_clink2.wav,ecbf5a221f2aff32376b8584eea875d0b7d9963d22f6c16e237f5e7b63f51dc2,previews/audition/collision_metal_clink.wav,dc64d0ebeb62810c6832beb5d984d07d42ff4ef2ee2ad04728f108c5a1233c0d,0.0,0.255417,SELECTED_CANDIDATE_LISTENING_NOT_RUN,LISTENING_NOT_RUN,设计原料候选：轻碰、零件松动或小擦撞,页面只描述为少量金属撞击；作者署名 Brian MacIntosh 为可选。 通用材料/机构声音，不是目标车辆实测；不能据此声明路面滚动、悬挂或碰撞已补齐。
collision_metal_thud,碰撞设计原料,Metal impact thud 2,BMacZero,CC0 1.0,https://opengameart.org/content/metal-impact-sounds,https://creativecommons.org/publicdomain/zero/1.0/,shared/originals/metal_thud2.wav,shared/originals/metal_thud2.wav,5fb5c1b37a95cb6716d0bb529a0b9fe1ae9f3e2228b8f30c5c3dcbb1b570a3af,previews/audition/collision_metal_thud.wav,18ce1880579d66af2d139d54c8281001e115f61461bc85ce7c6b0f95b8b6cf25,0.0,0.5805,SELECTED_CANDIDATE_LISTENING_NOT_RUN,LISTENING_NOT_RUN,设计原料候选：低频车身触地或中等擦撞层,页面只描述为少量金属撞击；作者评论提示部分文件听感可能像脚步，需试听。 通用材料/机构声音，不是目标车辆实测；不能据此声明路面滚动、悬挂或碰撞已补齐。
collision_glass_break,碰撞设计原料,Glass break,"Till Behrend, submitted by TinyWorlds",CC0 1.0,https://opengameart.org/content/glass-break,https://creativecommons.org/publicdomain/zero/1.0/,shared/originals/glass_breaking.wav,shared/originals/glass_breaking.wav,37d29069c885afe3f7ca639293fa679fb6511a6a1e54316f0e403e4493f502b3,previews/audition/collision_glass_break.wav,032f1ff66c1be4e60d78d9726723d158c478130cfebb3190656da3687db0a2e0,0.0,1.308854,SELECTED_CANDIDATE_LISTENING_NOT_RUN,LISTENING_NOT_RUN,设计原料候选：车窗破碎或碰撞碎玻璃层,页面说明是 Duckstruction 的 game-ready 文件；未试听碎裂密度和尾响。 通用材料/机构声音，不是目标车辆实测；不能据此声明路面滚动、悬挂或碰撞已补齐。
collision_metal_pack_slam,碰撞设计原料,Metal slam (pack selection),rubberduck,CC0 1.0,https://opengameart.org/content/100-cc0-metal-and-wood-sfx,https://creativecommons.org/publicdomain/zero/1.0/,shared/originals/100-CC0-wood-metal-SFX.zip,shared/previews/selected/metal_pack_slam.ogg,a335ccf202578bd740f930f0648a4dcbbbce3ebb2519335be023532578f56176,previews/audition/collision_metal_pack_slam.wav,4ea00a07d6c07624bfce5a30e62273cb630d889ab49e8ce191113325aa102f64,0.0,0.572875,SELECTED_CANDIDATE_LISTENING_NOT_RUN,LISTENING_NOT_RUN,设计原料候选：车身重擦撞或金属门板 slam 层,源包含 100 条金属/木材音效，本条仅为精选；页面提示预览未覆盖全包，需试听。 通用材料/机构声音，不是目标车辆实测；不能据此声明路面滚动、悬挂或碰撞已补齐。
mechanical_clank,机械设计原料,Mechanical clank 1,BMacZero,CC0 1.0,https://opengameart.org/content/mechanical-sounds,https://creativecommons.org/publicdomain/zero/1.0/,shared/originals/mechanical_clank1.wav,shared/originals/mechanical_clank1.wav,899a46a8423fa0ca349b3c70a07a422d1eaa3a58695ce6facfbae074dd70226f,previews/audition/mechanical_clank.wav,e1b3515e0fb49b1f0658d71e191cae273a6a187f844fb89ab0aa3ee3884c2013,0.0,0.673375,SELECTED_CANDIDATE_LISTENING_NOT_RUN,LISTENING_NOT_RUN,设计原料候选：底盘、悬挂或换挡机械短响,页面描述为 mechanical impacts/ratchets 等通用机械声；不是特定车辆实录。 通用材料/机构声音，不是目标车辆实测；不能据此声明路面滚动、悬挂或碰撞已补齐。
mechanical_light_clunk,机械设计原料,Mechanical light clunk 1,BMacZero,CC0 1.0,https://opengameart.org/content/mechanical-sounds,https://creativecommons.org/publicdomain/zero/1.0/,shared/originals/mechanical_lightclunk1.wav,shared/originals/mechanical_lightclunk1.wav,d5a2aa8764c02924f6ed6fbaad0c650ab2d57ec57a626cee9e6645f941dbc8fa,previews/audition/mechanical_light_clunk.wav,735eed17c2b56af1e00101c0cc0130813aec9a03682d2c410c0079512a47ce3d,0.0,0.371521,SELECTED_CANDIDATE_LISTENING_NOT_RUN,LISTENING_NOT_RUN,设计原料候选：轻悬挂回弹、内饰机构或换挡反馈,通用机械声；作者署名 Brian MacIntosh 为可选，需试听层次。 通用材料/机构声音，不是目标车辆实测；不能据此声明路面滚动、悬挂或碰撞已补齐。
mechanical_rattle,机械设计原料,Mechanical rattle 1,BMacZero,CC0 1.0,https://opengameart.org/content/mechanical-sounds,https://creativecommons.org/publicdomain/zero/1.0/,shared/originals/mechanical_rattle1.wav,shared/originals/mechanical_rattle1.wav,65ae71cd800986e4e4c0c1a180221c0f240f6ffd9e306f8634c0335a5e3f039a,previews/audition/mechanical_rattle.wav,c91d6b99c9bd647d1ab83f6323b0e00a15938f5dfc0d08a4e03ebbb3c75f6e51,0.0,0.777875,SELECTED_CANDIDATE_LISTENING_NOT_RUN,LISTENING_NOT_RUN,设计原料候选：底盘松动、碎石路颠簸或车内异响层,通用机械声；未试听是否有明显人工录音底噪。 通用材料/机构声音，不是目标车辆实测；不能据此声明路面滚动、悬挂或碰撞已补齐。
collision_kenney_metal_heavy,碰撞设计原料,Kenney heavy metal impact 000,Kenney,CC0 1.0,https://kenney.nl/assets/impact-sounds,https://creativecommons.org/publicdomain/zero/1.0/,shared/originals/kenney_impact-sounds.zip,shared/previews/selected/kenney_impact_metal_heavy_000.ogg,e07045693e4a2b3d165c424e3dab4c781d9ff8880a386880ac89a51315d7f831,previews/audition/collision_kenney_metal_heavy.wav,5dd0baa998e374de61af22d620b55bc6d526f6942e9d3daf610c774f8e63c4d9,0.0,0.164771,SELECTED_CANDIDATE_LISTENING_NOT_RUN,LISTENING_NOT_RUN,设计原料候选：可随机化的中重度金属碰撞层,Kenney 包页标注 130 条 CC0 impact/foley；本条仅为精选，未试听随机组之间的相似度。 通用材料/机构声音，不是目标车辆实测；不能据此声明路面滚动、悬挂或碰撞已补齐。
collision_kenney_glass_heavy,碰撞设计原料,Kenney heavy glass impact 000,Kenney,CC0 1.0,https://kenney.nl/assets/impact-sounds,https://creativecommons.org/publicdomain/zero/1.0/,shared/originals/kenney_impact-sounds.zip,shared/previews/selected/kenney_impact_glass_heavy_000.ogg,b44b39a940e8948e74b9bd3776bff980df43cf220abdaf0d467dc4c43c0244a5,previews/audition/collision_kenney_glass_heavy.wav,10ff8d4d149d715fc567124cb54575794400f2f281e17a586ad3bcd5c09d04e2,0.0,0.238333,SELECTED_CANDIDATE_LISTENING_NOT_RUN,LISTENING_NOT_RUN,设计原料候选：玻璃撞击、碎裂前的高频层,Kenney 包页标注 130 条 CC0 impact/foley；本条仅为精选，未试听是否需要与独立碎玻璃叠加。 通用材料/机构声音，不是目标车辆实测；不能据此声明路面滚动、悬挂或碰撞已补齐。
ui_click,游戏反馈,Kenney interface click 001,Kenney,CC0 1.0,https://kenney.nl/assets/interface-sounds,https://creativecommons.org/publicdomain/zero/1.0/,shared/originals/kenney_interface-sounds.zip,shared/previews/selected/kenney_ui_click_001.ogg,ccfb7fa0cccdd9faec0eb16033c732b1e308d139d80f799161495d58f7adcdb9,previews/audition/ui_click.wav,3f77079bfb576228645083e0b632ca553eda65ec6d9f6cf94503e47267f3e713,0.0,0.097125,SELECTED_CANDIDATE_LISTENING_NOT_RUN,LISTENING_NOT_RUN,按钮、菜单和轻量 HUD 点击,Kenney 包页标注 100 条 CC0 interface 声音；本条仅为精选。
ui_confirmation,游戏反馈,Kenney interface confirmation 001,Kenney,CC0 1.0,https://kenney.nl/assets/interface-sounds,https://creativecommons.org/publicdomain/zero/1.0/,shared/originals/kenney_interface-sounds.zip,shared/previews/selected/kenney_ui_confirmation_001.ogg,063564703b6094d70718a3e787a55cc9141611e4ecd6b6637f8828f79b4a8c3a,previews/audition/ui_confirmation.wav,b2f756052b31065b294811e3f8bc4a491b9208d2906597158bdae0d1b129cc7c,0.0,0.289833,SELECTED_CANDIDATE_LISTENING_NOT_RUN,LISTENING_NOT_RUN,设置确认、检查点或完成确认,Kenney 包页标注 100 条 CC0 interface 声音；本条仅为精选。
ui_error,游戏反馈,Kenney interface error 001,Kenney,CC0 1.0,https://kenney.nl/assets/interface-sounds,https://creativecommons.org/publicdomain/zero/1.0/,shared/originals/kenney_interface-sounds.zip,shared/previews/selected/kenney_ui_error_001.ogg,46e67425d16339772e8d328fb36a49426c9467418686e11beeb71ff84b0f6433,previews/audition/ui_error.wav,ef748d797fbb5a42501d2597fc06492dd29d0b34145e8cfcaffcfd030ebcd3a7,0.0,0.161667,SELECTED_CANDIDATE_LISTENING_NOT_RUN,LISTENING_NOT_RUN,无效操作、失败提示或碰撞警告,Kenney 包页标注 100 条 CC0 interface 声音；本条仅为精选。
ui_open,游戏反馈,Kenney interface open 001,Kenney,CC0 1.0,https://kenney.nl/assets/interface-sounds,https://creativecommons.org/publicdomain/zero/1.0/,shared/originals/kenney_interface-sounds.zip,shared/previews/selected/kenney_ui_open_001.ogg,a27c6bb0df7da1e6af5dd5937593c98bc58b6e513f42fe6a3254cd6a6949c648,previews/audition/ui_open.wav,eeb4106d9971f439626a2e2898708c98568c2512487ed24677e9ab182a5084b9,0.0,0.147771,SELECTED_CANDIDATE_LISTENING_NOT_RUN,LISTENING_NOT_RUN,菜单打开、暂停页或结果页进入,Kenney 包页标注 100 条 CC0 interface 声音；本条仅为精选。
race_countdown,游戏反馈,Race start countdown,kheetor,CC0 1.0,https://opengameart.org/content/race-start-countdown,https://creativecommons.org/publicdomain/zero/1.0/,shared/originals/race_countdown.ogg,shared/originals/race_countdown.ogg,f60feb6d0e950b9075562c9ca185fa9fb2234e60db82ab98ea9b7736b3f8dd75,previews/audition/race_countdown.wav,8332c31c859f0d7f1200953541c45a1c075e5a8e5e26d2188cea2882ddb7f3cd,0.0,4.253958,SELECTED_CANDIDATE_LISTENING_NOT_RUN,LISTENING_NOT_RUN,3、2、1、Go 比赛倒计时,页面同时列出 CC0 与 CC-BY 等许可；本目录按 CC0 记录。需试听混响和节拍是否匹配。
race_success,游戏反馈,Well Done,qubodup,CC0 1.0,https://opengameart.org/content/well-done,https://creativecommons.org/publicdomain/zero/1.0/,shared/originals/well_done.ogg,shared/originals/well_done.ogg,8ef5cdf2323ce9efd19f5553757c607ecb57647bd568316958472ab6b9048dfc,previews/audition/race_success.wav,5453f59db959afc1b73a5689aef8542ab9c24eec856acb6e750de808fefc7983,0.0,4.009229,SELECTED_CANDIDATE_LISTENING_NOT_RUN,LISTENING_NOT_RUN,完赛、胜利或检查点成功,页面说明 2024-10-05 改为 CC0，文件名仍带旧 CCBY3；可选署名 qubodup。
race_game_over,游戏反馈,Game Over (old school),den_yes,CC0 1.0,https://opengameart.org/content/game-over-soundold-school,https://creativecommons.org/publicdomain/zero/1.0/,shared/originals/game_over.ogg,shared/originals/game_over.ogg,42c2c50a8198d3dee21c9df66d83740ee8aa1fb5f4c5a1049308933a29264318,previews/audition/race_game_over.wav,06760de038e6690b18ac35b83aeb6dd29a11a4b856342cea4676ba2610403c19,0.0,8.0,SELECTED_CANDIDATE_LISTENING_NOT_RUN,LISTENING_NOT_RUN,失败、淘汰或比赛结束负反馈,页面说明是老派游戏结束音；需试听是否与游戏整体音色相容。
ui_beep,游戏反馈,Beep tone,qubodup,CC0 1.0,https://opengameart.org/content/beep-tone-sound-sfx,https://creativecommons.org/publicdomain/zero/1.0/,shared/originals/beep.wav,shared/originals/beep.wav,190e3ad60a9c8dc0239adae69ed64a2a8d4dcc7a240d3e42f5c4a317dd5b3f44,previews/audition/ui_beep.wav,7b01efe9fcfca5422377de23251cef006b8da5399237be5508a0cebb5901d170,0.0,0.095521,SELECTED_CANDIDATE_LISTENING_NOT_RUN,LISTENING_NOT_RUN,确认、提示或倒计时单音,页面定位为通用 interface beep；时长极短，需由运行时节奏化。
