reference_id,vehicle,title,url,source_start_s,source_end_s,cue,timestamp_status,listening_status,reuse
R01,mx5,"1990 MAZDA MX-5 Miata NA, 1.6l stock exhaust sound",https://www.youtube.com/watch?v=RhtinZnIB6Q,0,,整段核对原厂1.6；事件时间待定位,SUGGESTED_WINDOW_NOT_EVENT_VERIFIED,LISTENING_NOT_RUN,REFERENCE_ONLY_NO_GAME_REUSE_LICENSE
R02,mx5,1991 Mazda MX-5 Miata – POV Test Drive,https://windingroad.com/articles/reviews/winding-road-modern-classic-1991-mazda-mx-5-miata-pov-test-drive/,0,,页内POV完整视频；无可靠章节,SUGGESTED_WINDOW_NOT_EVENT_VERIFIED,LISTENING_NOT_RUN,REFERENCE_ONLY_NO_GAME_REUSE_LICENSE
R03,m3e30,Perfect 1988 BMW E30 M3 - Driving My Dream Car! (POV),https://www.youtube.com/watch?v=OAZAmBFVRg8,0,,完整片：先核对版本，再定位暖怠速、负载、换挡,SUGGESTED_WINDOW_NOT_EVENT_VERIFIED,LISTENING_NOT_RUN,REFERENCE_ONLY_NO_GAME_REUSE_LICENSE
R04,m3e30,BMW E30 M3 Race cars High revving S14s | Intake & Exhaust sound 2022–2023,https://www.youtube.com/watch?v=a2ASO3b67Cg,8,114,混合赛道,PUBLISHER_CHAPTER_VERIFIED_AUDIO_NOT_LISTENED,LISTENING_NOT_RUN,REFERENCE_ONLY_NO_GAME_REUSE_LICENSE
R04,m3e30,BMW E30 M3 Race cars High revving S14s | Intake & Exhaust sound 2022–2023,https://www.youtube.com/watch?v=a2ASO3b67Cg,245,366,维修区/围场,PUBLISHER_CHAPTER_VERIFIED_AUDIO_NOT_LISTENED,LISTENING_NOT_RUN,REFERENCE_ONLY_NO_GAME_REUSE_LICENSE
R04,m3e30,BMW E30 M3 Race cars High revving S14s | Intake & Exhaust sound 2022–2023,https://www.youtube.com/watch?v=a2ASO3b67Cg,573,628,E30 M3 vs E30 325i,PUBLISHER_CHAPTER_VERIFIED_AUDIO_NOT_LISTENED,LISTENING_NOT_RUN,REFERENCE_ONLY_NO_GAME_REUSE_LICENSE
R05,gt3rs,On-board video of the dream lap (7:06),https://newsroom.porsche.com/en_US/2022/products/porsche-911-gt3-rs-dream-lap-nuerburgring-nordschleife-30037.html,20,65,建议首轮抽查窗：观察转速/挡位/踏板与声音,SUGGESTED_WINDOW_NOT_EVENT_VERIFIED,LISTENING_NOT_RUN,REFERENCE_ONLY_NO_GAME_REUSE_LICENSE
R05,gt3rs,On-board video of the dream lap (7:06),https://newsroom.porsche.com/en_US/2022/products/porsche-911-gt3-rs-dream-lap-nuerburgring-nordschleife-30037.html,340,395,建议高速段抽查窗：先按画面核对实际工况,SUGGESTED_WINDOW_NOT_EVENT_VERIFIED,LISTENING_NOT_RUN,REFERENCE_ONLY_NO_GAME_REUSE_LICENSE
R06,lp700,Lamborghini Aventador Sound Library Audio Demo Preview Montage,https://soundcloud.com/polepositionproduction/sets/lamborghini-aventador-sound-library-audio-demo-preview-montage,0,,分曲T1 ONBRD SLOW ENGINE Left DPA4061,SUGGESTED_WINDOW_NOT_EVENT_VERIFIED,LISTENING_NOT_RUN,REFERENCE_ONLY_NO_GAME_REUSE_LICENSE
R06,lp700,Lamborghini Aventador Sound Library Audio Demo Preview Montage,https://soundcloud.com/polepositionproduction/sets/lamborghini-aventador-sound-library-audio-demo-preview-montage,0,,分曲T1 ONBRD SLOW EXHAUST Right DPA4062,SUGGESTED_WINDOW_NOT_EVENT_VERIFIED,LISTENING_NOT_RUN,REFERENCE_ONLY_NO_GAME_REUSE_LICENSE
R06,lp700,Lamborghini Aventador Sound Library Audio Demo Preview Montage,https://soundcloud.com/polepositionproduction/sets/lamborghini-aventador-sound-library-audio-demo-preview-montage,0,,分曲T1 EXT SLOW By ORTF MKH8040,SUGGESTED_WINDOW_NOT_EVENT_VERIFIED,LISTENING_NOT_RUN,REFERENCE_ONLY_NO_GAME_REUSE_LICENSE
R07,amggt3,"Mercedes AMG GT3 Evo 2020 OnBoard, Warm Up & Sound at Monza Circuit!",https://www.youtube.com/watch?v=HBaEm2ENBqg,0,,先看暖机与全片状态；没有可靠原作者章节，不编造换挡时点,SUGGESTED_WINDOW_NOT_EVENT_VERIFIED,LISTENING_NOT_RUN,REFERENCE_ONLY_NO_GAME_REUSE_LICENSE
R08,amggt3,"Mercedes AMG GT3 Evo 2020 in action at Monza Circuit: Accelerations, Fly Bys & Great V8 Sound!",https://www.youtube.com/watch?v=pi1J8dNxlYM,0,,外部通过整片，短片事件待手动定位,SUGGESTED_WINDOW_NOT_EVENT_VERIFIED,LISTENING_NOT_RUN,REFERENCE_ONLY_NO_GAME_REUSE_LICENSE
R09,m5g90,2025 BMW M5 - POV Night Drive (Binaural Audio),https://www.youtube.com/watch?v=huuCI1aOOcE,0,,整片先核对EV/ICE/声效设置；时间待定位,SUGGESTED_WINDOW_NOT_EVENT_VERIFIED,LISTENING_NOT_RUN,REFERENCE_ONLY_NO_GAME_REUSE_LICENSE
R10,m5g90,THE NEW BMW M5 G90/G99 - SOUND COMPILATION!,https://www.youtube.com/watch?v=YdWyqCQDcvQ,0,,逐镜先辨G90轿车与G99旅行版，再标通过时点,SUGGESTED_WINDOW_NOT_EVENT_VERIFIED,LISTENING_NOT_RUN,REFERENCE_ONLY_NO_GAME_REUSE_LICENSE
R11,shared,Making the DR!FT sound,https://www.boomlibrary.com/blog/making-the-drift-sound/,0,,阅读Recording Process与More Sounds；非音频时间,SUGGESTED_WINDOW_NOT_EVENT_VERIFIED,LISTENING_NOT_RUN,REFERENCE_ONLY_NO_GAME_REUSE_LICENSE
R12,mx5,Miata Start and Stop.mp3 — 公开HQ预览,https://freesound.org/people/TurboTheSergal/sounds/523351/,0,13.881202,完整公开预览；启动/熄火各自事件秒点未定位,SUGGESTED_WINDOW_NOT_EVENT_VERIFIED,LISTENING_NOT_RUN,CC BY 4.0; attribution required; target identity unresolved
