angle_min_deg,angle_max_deg,removed_luma_integral,removed_fraction,clipped_solid_angle_sr
0,0.27,3.4641067923581987,0.7851673689342663,6.941274264125153e-05
0.27,0.5,0.7322994151128077,0.16598148945772193,0.00016406500314445943
0.5,1,0.08758191264306442,0.019851137403697858,0.0007317841174035473
1,2,0.054831806254332205,0.012428065192909257,0.0028270782586540546
2,5,0.06972729579304246,0.015804246422626865,0.008100178659715547
5,10,0.003387009211600013,0.0007676925887777652,0.0029950377454069097
10,20,0.0,0.0,0.0
20,40,0.0,0.0,0.0
40,90,0.0,0.0,0.0
90,180,0.0,0.0,0.0
